[
 
    {
        "id": 1,
        "name": "Kevin",
        "apellido": "Garcia",
        "username": "Kevin",
        "contraseña": "Kevin123",
        "email": "kevin123@gmail.com"
    
        
    },
    {
        "id": 2,
        "name": "Reynaldo",
        "apellido": "Lastra",
        "username": "Lastracrack",
        "contraseña": "Itsa19",
        "email": "reynaldolastra1@gmail.com"
    
    
    },
    {
    
        "id": 3,
        "name": "Juan",
        "apellido": "Rodriguez",
        "username": "Pablo",
        "contraseña": "pablito123",
        "email": "jpablo@gmail.com"

    
    }


]

